iter	MultiClass
0	6.693863886
1	6.558935986
2	6.422442629
3	6.284065616
4	6.140089122
5	6.004816991
6	5.876199999
7	5.771619361
8	5.625800829
9	5.482340498
10	5.338280342
11	5.189656004
